num,x,y,targetX,targetY,errorX,errorY,tot_error,PID_x,PID_y
0,0,0,0,0,0,0,0.0,-0.0,-0.0
1,0,0,0,0,0,0,0.0,-0.0,-0.0
2,0,0,0,0,0,0,0.0,-0.0,-0.0
3,0,0,0,0,0,0,0.0,-0.0,-0.0
4,0,0,0,0,0,0,0.0,-0.0,-0.0
5,0,0,0,0,0,0,0.0,-0.0,-0.0
6,0,0,0,0,0,0,0.0,-0.0,-0.0
7,0,0,0,0,0,0,0.0,-0.0,-0.0
8,0,0,0,0,0,0,0.0,-0.0,-0.0
9,0,0,0,0,0,0,0.0,-0.0,-0.0
10,0,0,0,0,0,0,0.0,-0.0,-0.0
11,0,0,0,0,0,0,0.0,-0.0,-0.0
12,0,0,0,0,0,0,0.0,-0.0,-0.0
13,0,0,0,0,0,0,0.0,-0.0,-0.0
14,0,0,0,0,0,0,0.0,-0.0,-0.0
15,0,0,0,0,0,0,0.0,-0.0,-0.0
16,0,0,0,0,0,0,0.0,-0.0,-0.0
17,0,0,0,0,0,0,0.0,-0.0,-0.0
18,0,0,0,0,0,0,0.0,-0.0,-0.0
19,0,0,0,0,0,0,0.0,-0.0,-0.0
20,0,0,0,0,0,0,0.0,-0.0,-0.0
21,0,0,0,0,0,0,0.0,-0.0,-0.0
22,0,0,0,0,0,0,0.0,-0.0,-0.0
23,0,0,0,0,0,0,0.0,-0.0,-0.0
24,0,0,0,0,0,0,0.0,-0.0,-0.0
25,0,0,0,0,0,0,0.0,-0.0,-0.0
26,0,0,0,0,0,0,0.0,-0.0,-0.0
27,0,0,0,0,0,0,0.0,-0.0,-0.0
28,0,0,0,0,0,0,0.0,-0.0,-0.0
29,0,0,0,0,0,0,0.0,-0.0,-0.0
30,0,0,0,0,0,0,0.0,-0.0,-0.0
31,0,0,0,0,0,0,0.0,-0.0,-0.0
32,0,0,0,0,0,0,0.0,-0.0,-0.0
33,0,0,0,0,0,0,0.0,-0.0,-0.0
34,0,0,0,0,0,0,0.0,-0.0,-0.0
35,0,0,0,0,0,0,0.0,-0.0,-0.0
36,0,0,0,0,0,0,0.0,-0.0,-0.0
37,0,0,0,0,0,0,0.0,-0.0,-0.0
38,0,0,0,0,0,0,0.0,-0.0,-0.0
39,0,0,0,0,0,0,0.0,-0.0,-0.0
40,0,0,0,0,0,0,0.0,-0.0,-0.0
41,0,0,0,0,0,0,0.0,-0.0,-0.0
42,0,0,0,0,0,0,0.0,-0.0,-0.0
43,0,0,0,0,0,0,0.0,-0.0,-0.0
44,0,0,0,0,0,0,0.0,-0.0,-0.0
45,0,0,0,0,0,0,0.0,-0.0,-0.0
46,0,0,0,0,0,0,0.0,-0.0,-0.0
47,0,0,0,0,0,0,0.0,-0.0,-0.0
48,0,0,0,0,0,0,0.0,-0.0,-0.0
49,0,0,0,0,0,0,0.0,-0.0,-0.0
50,0,0,0,0,0,0,0.0,-0.0,-0.0
51,0,0,0,0,0,0,0.0,-0.0,-0.0
52,0,0,0,0,0,0,0.0,-0.0,-0.0
53,0,0,0,0,0,0,0.0,-0.0,-0.0
54,0,0,0,0,0,0,0.0,-0.0,-0.0
55,0,0,0,0,0,0,0.0,-0.0,-0.0
56,0,0,0,0,0,0,0.0,-0.0,-0.0
57,0,0,0,0,0,0,0.0,-0.0,-0.0
58,0,0,0,0,0,0,0.0,-0.0,-0.0
59,0,0,0,0,0,0,0.0,-0.0,-0.0
60,0,0,0,0,0,0,0.0,-0.0,-0.0
61,0,0,0,0,0,0,0.0,-0.0,-0.0
62,0,0,0,0,0,0,0.0,-0.0,-0.0
63,0,0,0,0,0,0,0.0,-0.0,-0.0
64,0,0,0,0,0,0,0.0,-0.0,-0.0
65,0,0,0,0,0,0,0.0,-0.0,-0.0
66,0,0,0,0,0,0,0.0,-0.0,-0.0
67,0,0,0,0,0,0,0.0,-0.0,-0.0
68,0,0,0,0,0,0,0.0,-0.0,-0.0
69,0,0,0,0,0,0,0.0,-0.0,-0.0
70,0,0,0,0,0,0,0.0,-0.0,-0.0
71,0,0,0,0,0,0,0.0,-0.0,-0.0
72,0,0,0,0,0,0,0.0,-0.0,-0.0
73,0,0,0,0,0,0,0.0,-0.0,-0.0
74,0,0,0,0,0,0,0.0,-0.0,-0.0
75,0,0,0,0,0,0,0.0,-0.0,-0.0
76,0,0,0,0,0,0,0.0,-0.0,-0.0
77,0,0,0,0,0,0,0.0,-0.0,-0.0
78,0,0,0,0,0,0,0.0,-0.0,-0.0
79,0,0,0,0,0,0,0.0,-0.0,-0.0
80,1.7,14.8,0,0,-1.7,-14.8,14.897315194356331,7.3630929886520775,64.10222131297104
81,1.5,12.6,0,0,-1.5,-12.6,12.68897158953396,0.21156857326958456,0.16205547178459234
82,1.3,10.6,0,0,-1.3,-10.6,10.679419459877021,-0.0056287429707910785,-1.4331555766042756
83,1.2,8.2,0,0,-1.2,-8.2,8.287339742040265,0.33477508386775373,-4.398483865546096
84,1.1,5.6,0,0,-1.1,-5.6,5.70701322935211,0.3108995198556162,-6.26989867378695
85,1.0,2.7,0,0,-1.0,-2.7,2.879236009777594,0.27685103355382856,-8.951896861140773
86,0.9,0.0,0,0,-0.9,0.0,0.9,0.27799020169253585,-8.648310435334478
87,0.8,-2.6,0,0,-0.8,2.6,2.7202941017470885,0.2816896693552041,-8.743454115315567
88,0.5,-5.2,0,0,-0.5,5.2,5.223983154643591,-0.7103383633619375,-11.858230119455902
89,0.4,-7.5,0,0,-0.4,7.5,7.51065909225016,0.027167823350960463,-12.080328271269511
90,0.3,-9.5,0,0,-0.3,9.5,9.504735661763561,-0.004972314208283868,-11.85075846969157
91,0.3,-11.1,0,0,-0.3,11.1,11.104053313993049,0.38368768835067746,-11.42588257183912
92,0.2,-12.0,0,0,-0.2,12.0,12.001666550941998,-0.063129412130835,-9.525057195511364
93,0.3,-12.5,0,0,-0.3,12.5,12.503599481749246,0.7073959689694378,-8.05485141853379
94,0.3,-12.1,0,0,-0.3,12.1,12.103718436910205,0.40110286021232605,-5.008770166240933
95,0.3,-11.1,0,0,-0.3,11.1,11.104053313993049,0.40699445104598997,-2.2964125744837243
96,0.6,-9.6,0,0,-0.6,9.6,9.618731725128837,1.777620236211632,0.3675152628700662
97,0.6,-7.7,0,0,-0.6,7.7,7.723341245859852,0.5838498163223267,2.338005067221233
98,0.7,-5.7,0,0,-0.7,5.7,5.742821606144492,1.0475049813606798,4.0390308887530555
99,0.9,-3.8,0,0,-0.9,3.8,3.905124837953327,1.401677801959337,2.909230438580017
100,1.0,-2.1,0,0,-1.0,2.1,2.3259406699226015,1.2284508517921546,4.297507608670977
101,1.0,-0.5,0,0,-1.0,0.5,1.118033988749895,0.8635167582035066,4.842453163945185
102,1.0,1.0,0,0,-1.0,-1.0,1.4142135623730951,0.8835603458881378,5.148904871670202
103,0.9,2.2,0,0,-0.9,-2.2,2.3769728648009427,0.4505592379281959,4.797272462236834
104,0.8,3.3,0,0,-0.8,-3.3,3.395585369269929,0.42846716668797125,4.88339170594495
105,0.6,4.1,0,0,-0.6,-4.1,4.1436698710201325,0.10931929249241823,3.6166641134947577
106,0.4,4.7,0,0,-0.4,-4.7,4.7169905660283025,-0.16218121397256235,3.9272746936011167
107,0.1,5.0,0,0,-0.1,-5.0,5.000999900019995,-0.6733789362031842,2.9489056028444187
108,-0.2,5.1,0,0,0.2,-5.1,5.103920062069938,-0.8398847441561899,2.3339460765483593
109,-0.5,5.0,0,0,0.5,-5.0,5.024937810560445,-1.031837133386303,1.59329498140727
110,-0.7,4.7,0,0,0.7,-4.7,4.751841748206689,-0.7354604070375576,0.7575420671417998
111,-0.9,4.3,0,0,0.9,-4.3,4.393176527297759,-0.6927661409497579,0.6051831028222396
112,-1.0,3.7,0,0,1.0,-3.7,3.83275357934736,-0.5434895438548153,-0.7707336784578707
113,-1.1,3.1,0,0,1.1,-3.1,3.2893768406797057,-0.6031885205555237,-0.9320908527662
114,-0.8,1.9,0,0,0.8,-1.9,2.0615528128088303,1.0887196134106385,-3.906337968975729
115,-0.5,1.3,0,0,0.5,-1.3,1.392838827718412,1.2450143556041613,-1.8673434311237112
116,-0.2,0.8,0,0,0.2,-0.8,0.8246211251235323,1.4111373230031585,-1.7398793342993413
117,0.0,0.3,0,0,0.0,-0.3,0.3,0.9248711846735373,-1.5190963437324496
118,0.2,0.0,0,0,-0.2,0.0,0.2,1.1982691316532827,-1.3085770517479973
119,0.7,-0.3,0,0,-0.7,0.3,0.7615773105863908,2.6114092170449505,-1.4501524730236772
120,0.9,-0.4,0,0,-0.9,0.4,0.9848857801796105,1.6108166794570096,-0.7562787170306742
121,1.3,-0.5,0,0,-1.3,0.5,1.392838827718412,2.5674406344058447,-0.797407395818887
122,1.5,-0.6,0,0,-1.5,0.6,1.6155494421403511,1.9458059511516392,-0.8667551546262647
123,1.8,-0.7,0,0,-1.8,0.7,1.9313207915827966,2.306893037078195,-0.8597300357810032
124,1.9,-0.7,0,0,-1.9,0.7,2.0248456731316584,1.8439914481647526,-0.5593212778568265
125,2.1,-0.6,0,0,-2.1,0.6,2.1840329667841556,2.354855235496446,-0.14202392200664482
126,2.2,-0.4,0,0,-2.2,0.4,2.23606797749979,2.097367968102054,0.3872864787971092
127,2.3,-0.3,0,0,-2.3,0.3,2.3194827009486403,2.1737368238239014,0.004689076450322127
128,2.3,-0.1,0,0,-2.3,0.1,2.3021728866442674,1.8340366349220276,0.48974332537599824
129,2.4,0.0,0,0,-2.4,0.0,2.4,2.2584879727574414,0.08400582673273727
130,2.5,0.0,0,0,-2.5,0.0,2.5,2.4407398501800315,-0.23025993561744662
131,2.6,0.0,0,0,-2.6,0.0,2.6,2.5354815604107532,-0.23025993561744662
132,2.8,-0.1,0,0,-2.8,0.1,2.80178514522438,3.085535704000248,-0.6737668289460012
133,2.8,-0.2,0,0,-2.8,0.2,2.80713376952364,2.3616421546936035,-0.7180212858427137
134,2.9,-0.2,0,0,-2.9,0.2,2.9068883707497264,2.8730073271479277,-0.34215525507926914
135,2.7,-0.1,0,0,-2.7,0.1,2.701851217221259,1.8105639980741186,0.017750958516804916
136,2.7,0.0,0,0,-2.7,0.0,2.7,2.4865531547069555,0.1506894530191144
137,2.6,0.0,0,0,-2.6,0.0,2.6,2.1174380393603083,-0.24264405536651584
138,2.4,0.1,0,0,-2.4,-0.1,2.4020824298928627,1.6120226592859046,0.22073066271144076
139,2.3,0.1,0,0,-2.3,-0.1,2.3021728866442674,2.0463187567322025,-0.18772886323928806
140,2.3,0.1,0,0,-2.3,-0.1,2.3021728866442674,2.4741744945049287,-0.18574829602241488
141,2.2,0.0,0,0,-2.2,0.0,2.2,2.1672614644269292,-0.5475240380068491
142,2.2,0.0,0,0,-2.2,0.0,2.2,2.5198849713802343,-0.23674829602241487
143,2.1,-0.2,0,0,-2.1,0.2,2.1095023109728985,2.1217057354485465,-1.1207639200616928
144,2.2,-0.4,0,0,-2.2,0.4,2.23606797749979,2.987234916517021,-1.2143376230177896
145,2.1,-0.6,0,0,-2.1,0.6,2.1840329667841556,2.2130453487384942,-1.3364756389163677
146,2.0,-0.7,0,0,-2.0,0.7,2.118962010041709,2.1868682049912875,-1.030364947636657
147,2.0,-0.6,0,0,-2.0,0.6,2.08806130178211,2.635100263118744,-0.2818236128371296
148,1.9,-0.5,0,0,-1.9,0.5,1.96468827043885,2.2248950644561685,-0.15781342063635967
149,1.7,-0.3,0,0,-1.7,0.3,1.7262676501632068,1.8151084989337447,0.2813068937035089
150,1.5,-0.2,0,0,-1.5,0.2,1.5132745950421556,1.6556185716538245,0.001498812370071434
151,1.3,-0.1,0,0,-1.3,0.1,1.3038404810405297,1.6557485488888655,0.012798203158526644
152,1.0,-0.1,0,0,-1.0,0.1,1.004987562112089,1.0780986404742212,-0.36422406935691803
153,0.9,-0.1,0,0,-0.9,0.1,0.9055385138137417,1.8447949234108825,-0.36618975853919955
154,0.6,-0.1,0,0,-0.6,0.1,0.6082762530298219,1.14760025830433,-0.36862917971611
155,0.4,-0.2,0,0,-0.4,0.2,0.447213595499958,1.247058899435991,-0.8036074141097097
156,0.2,-0.3,0,0,-0.2,0.3,0.36055512754639896,1.1176973890073643,-0.8761255897875848
157,0.0,-0.5,0,0,0.0,0.5,0.5,1.0506620852291189,-1.348949003285209
158,-0.3,-0.7,0,0,0.3,0.7,0.7615773105863908,0.40025633203763666,-1.539830972911391
159,-0.5,-0.9,0,0,0.5,0.9,1.0295630140987,0.9278538133262816,-1.4384485517383392
160,-0.7,-1.1,0,0,0.7,1.1,1.3038404810405297,0.6198015173973033,-1.7542703894077354
161,-0.9,-1.1,0,0,0.9,1.1,1.4212670403551897,0.5493401206731771,-0.9790829124450682
162,-1.3,-1.2,0,0,1.3,1.2,1.7691806012954132,-0.5156479793997861,-1.449410154079701
163,-1.4,-1.1,0,0,1.4,1.1,1.7804493814764855,0.5913905392840686,-0.625963377828914
164,-1.8,-0.9,0,0,1.8,0.9,2.012461179749811,-0.8651954205415052,-0.13121426461232666
165,-1.9,-0.6,0,0,1.9,0.6,1.9924858845171274,0.3036700427592732,0.2647685687360378
166,-2.3,-0.4,0,0,2.3,0.4,2.33452350598575,-0.9063812839671115,-0.05377354194302608
167,-2.5,-0.3,0,0,2.5,0.3,2.5179356624028344,-0.5538125508177939,-0.2599630278175738
168,-2.8,-0.2,0,0,2.8,0.2,2.80713376952364,-1.1263907265430022,-0.22557517314734243
169,-3.1,-0.1,0,0,3.1,0.1,3.1016124838541645,-1.3107419298670264,-0.1873400738708983
170,-3.5,-0.2,0,0,3.5,0.2,3.5057096285916205,-2.0435343752689406,-1.0195251104431162
171,-3.9,-0.1,0,0,3.9,0.1,3.9012818406262317,-1.9916430386548933,-0.26140071865306014
172,-4.3,-0.2,0,0,4.3,0.2,4.304648650006176,-2.6256050294911453,-1.024140686191012
173,-4.7,-0.2,0,0,4.7,0.2,4.70425339453563,-2.912239050485271,-0.6308912103176113
174,-4.9,-0.1,0,0,4.9,0.1,4.901020301937139,-2.303574560993971,-0.1970385714202813
175,-5.0,0.0,0,0,5.0,0.0,5.0,-2.0726390224687194,-0.1430045853861217
176,-5.1,0.2,0,0,5.1,-0.2,5.103920062069938,-2.2282785024962055,0.35827391368572803
177,-5.1,0.5,0,0,5.1,-0.5,5.124451190127583,-1.939219093799591,0.8943612265830811
178,-4.8,0.7,0,0,4.8,-0.7,4.850773134253961,-0.9652432387188561,0.483914548217225
179,-4.7,0.8,0,0,4.7,-0.8,4.767598976424087,-1.5526738764315684,0.3179687884777967
180,-4.6,0.8,0,0,4.6,-0.8,4.6690470119715,-1.5939687115161596,-0.060028363704681065
181,-4.5,0.7,0,0,4.5,-0.7,4.55411901469428,-1.6346026296571972,-0.4872468032880557
182,-4.3,0.6,0,0,4.3,-0.6,4.341658669218481,-1.2529150796027309,-0.5147334191753794
183,-4.2,0.5,0,0,4.2,-0.5,4.2296571965113205,-1.7426738603119398,-0.49373879241900304
184,-4.2,0.3,0,0,4.2,-0.3,4.21070065428546,-2.1442465314865116,-1.0595402503406983
185,-4.1,0.0,0,0,4.1,0.0,4.1,-1.7930914377336924,-1.5731004269226643
186,-4.2,-0.3,0,0,4.2,0.3,4.21070065428546,-2.702139007122776,-1.7584150973303867
187,-4.2,-0.5,0,0,4.2,0.5,4.2296571965113205,-2.3934280085563664,-1.4772795201388553
188,-4.1,-0.7,0,0,4.1,0.7,4.159326868617084,-2.0286378583411415,-1.5991258710423977
189,-4.1,-0.8,0,0,4.1,0.8,4.177319714841085,-2.5053166410923002,-1.2634752044279385
190,-3.9,-1.0,0,0,3.9,1.0,4.026164427839479,-1.8673383267902908,-1.6356752463794173
191,-3.8,-1.0,0,0,3.8,1.0,3.9293765408777,-2.127022013899326,-1.0235964725017546
192,-3.5,-1.0,0,0,3.5,1.0,3.640054944640259,-1.310931588053493,-1.0441620109081264
193,-3.3,-0.9,0,0,3.3,0.9,3.420526275297414,-1.6053316738443026,-0.6115322471775837
194,-3.0,-1.0,0,0,3.0,1.0,3.1622776601683795,-1.149446612559331,-1.4687170517568546
195,-4.3,-1.6,0,0,4.3,1.6,4.588027898781784,-7.235205697898284,-3.3452296120406184
196,-6.4,-2.4,0,0,6.4,2.4,6.835202996254026,-12.173912073538299,-4.8908285952922235
197,-8.5,-3.3,0,0,8.5,3.3,9.118113840043893,-13.891790127033394,-5.9962625510668754
198,-10.6,-4.1,0,0,10.6,4.1,11.365298060323802,-15.10440541823268,-6.060622590559095
199,-12.6,-4.7,0,0,12.6,4.7,13.44804818551748,-15.768776276094796,-5.605836362595287
200,-13.3,-5.1,0,0,13.3,5.1,14.244297104455523,-11.319128113218406,-5.101232193883402
201,-13.5,-5.4,0,0,13.5,5.4,14.539944979263161,-9.86536075097267,-5.063044861882101
202,-12.8,-5.3,0,0,12.8,5.3,13.8538803228554,-6.817455340193238,-3.627558116136066
203,-11.4,-5.1,0,0,11.4,5.1,12.48879497789919,-2.9323354576589304,-3.139824293014004
204,-9.2,-4.5,0,0,9.2,4.5,10.241581909060727,0.6545572246365925,-1.4757024200490094
205,-6.3,-3.9,0,0,6.3,3.9,7.409453421137082,5.732003367623026,-1.0172471249678336
206,-3.7,-3.0,0,0,3.7,3.0,4.763402145525822,4.732585320316901,0.2680271916308601
207,-1.0,-2.1,0,0,1.0,2.1,2.3259406699226015,7.052698263771223,0.882168706220682
208,1.8,-0.9,0,0,-1.8,0.9,2.012461179749811,6.475976048101778,1.6104821372499631
209,4.2,0.1,0,0,-4.2,-0.1,4.201190307520001,8.903804590757462,2.4878425473801675
210,6.7,1.1,0,0,-6.7,-1.1,6.789698078707183,10.203979810981568,2.813559379255222
211,8.6,2.2,0,0,-8.6,-2.2,8.87693640846886,9.18953793647075,3.898157272614947
212,10.2,3.1,0,0,-10.2,-3.1,10.660675400742674,8.785877848864024,3.4939128530325894
213,11.1,3.8,0,0,-11.1,-3.8,11.73243367763057,6.8831272012029885,3.223434765831668
214,11.3,4.2,0,0,-11.3,-4.2,12.055289295574786,4.420084856445833,2.115212638964734
215,11.2,4.5,0,0,-11.2,-4.5,12.070211265756702,3.5532381887336215,2.2308025212586804
216,10.3,4.4,0,0,-10.3,-4.4,11.200446419674531,0.20307389807054133,0.710351908365168
217,9.2,4.2,0,0,-9.2,-4.2,10.113357503816426,-0.9374318835571103,0.3070989383380591
218,7.7,3.7,0,0,-7.7,-3.7,8.542833253669418,-3.1450429039232857,-1.050355756052101
219,6.0,3.1,0,0,-6.0,-3.1,6.753517601961218,-4.704404163519718,-1.6959242093844191
220,4.6,2.5,0,0,-4.6,-2.5,5.235456045083369,-2.9752896277511476,-1.4451749063732087
221,3.2,1.9,0,0,-3.2,-1.9,3.721558813185679,-4.849765848333812,-2.2381943322655036
222,2.2,1.4,0,0,-2.2,-1.4,2.6076809620810595,-3.714552799885637,-2.061354810329857
223,1.7,0.9,0,0,-1.7,-0.9,1.9235384061671343,-1.951303633252035,-2.289401630440601
224,1.3,0.5,0,0,-1.3,-0.5,1.392838827718412,-1.6336920381187499,-1.9886369667648367
225,1.2,0.2,0,0,-1.2,-0.2,1.2165525060596438,-0.5964759242884143,-1.8859303544616144
226,1.2,-0.1,0,0,-1.2,0.1,1.2041594578792296,-0.16016097092628523,-1.7641803706979102
227,1.5,-0.3,0,0,-1.5,0.3,1.5297058540778354,1.1875290908217333,-1.7057005764245918
228,1.8,-0.4,0,0,-1.8,0.4,1.8439088914585775,1.3318943078016543,-1.3614163986674712
229,2.4,-0.6,0,0,-2.4,0.6,2.4738633753705965,3.018822757943986,-1.9199363956400146
230,3.0,-0.7,0,0,-3.0,0.7,3.0805843601498726,3.30968084269234,-1.563293223390096
231,3.6,-0.8,0,0,-3.6,0.8,3.687817782917155,3.6224808961397748,-1.6194440193018373
232,4.4,-1.0,0,0,-4.4,1.0,4.512205669071391,4.2810424188654626,-1.97446649161679
233,5.1,-1.1,0,0,-5.1,1.1,5.217278984298233,5.0721083019451285,-1.8317385496167342
234,5.6,-1.3,0,0,-5.6,1.3,5.748912940721924,4.607233305220678,-2.3444077066440876
235,6.2,-1.5,0,0,-6.2,1.5,6.378871373526825,5.382388239202246,-2.4607813004047805
236,6.6,-1.7,0,0,-6.6,1.7,6.815423684555495,4.972342102886493,-2.607642899454264
237,6.7,-1.9,0,0,-6.7,1.9,6.96419413859206,3.9977486513448386,-2.772429151692511
238,6.8,-2.0,0,0,-6.8,2.0,7.08801805866774,4.126097348171963,-2.3781694078033113
239,6.5,-2.0,0,0,-6.5,2.0,6.800735254367722,2.59266926523164,-2.108317025661468
240,6.2,-1.9,0,0,-6.2,1.9,6.48459713474939,2.6018255912888675,-1.708916301556051
241,5.6,-1.8,0,0,-5.6,1.8,5.882176467941097,1.2120113424487893,-1.6876504270107882
242,5.1,-1.7,0,0,-5.1,1.7,5.375872022286245,1.4213783875622692,-1.6643076662762621
243,4.4,-1.5,0,0,-4.4,1.5,4.648655719667784,0.458094872470733,-1.2235125187113267
244,3.8,-1.4,0,0,-3.8,1.4,4.049691346263317,1.0358784528301002,-1.6536460483715103
245,3.4,-1.3,0,0,-3.4,1.3,3.640054944640259,1.1949249919119969,-1.5484295267031465
246,3.1,-1.2,0,0,-3.1,1.2,3.3241540277189325,1.5562903460171902,-1.5392151458629981
247,2.6,-1.1,0,0,-2.6,1.1,2.823118842698621,0.5673809054980081,-1.505765079233833
248,2.4,-1.2,0,0,-2.4,1.2,2.6832815729997477,1.6540157621742173,-2.3614507665216466
249,2.2,-1.0,0,0,-2.2,1.0,2.4166091947189146,1.6160810822920681,-1.1147286264376512
250,2.0,-1.0,0,0,-2.0,1.0,2.23606797749979,1.7093731638334702,-1.9095306830406182
251,2.0,-0.9,0,0,-2.0,0.9,2.193171219946131,2.3718643796443937,-1.469461371452162
252,1.9,-0.9,0,0,-1.9,0.9,2.1023796041628637,1.9815471006255234,-1.8941407155990595
253,1.8,-0.9,0,0,-1.8,0.9,2.012461179749811,1.946247731138935,-1.9116821844577785
254,1.7,-1.0,0,0,-1.7,1.0,1.972308292331602,1.937432141949739,-2.3718788605431644
255,1.6,-0.9,0,0,-1.6,0.9,1.8357559750685821,1.9150905072762692,-1.557129392154427
256,1.5,-0.9,0,0,-1.5,0.9,1.7492855684535902,1.988370216534076,-1.9721698133945458
257,1.4,-0.9,0,0,-1.4,0.9,1.6643316977093237,1.863771620821033,-1.9893384444713587
258,1.3,-0.9,0,0,-1.3,0.9,1.5811388300841898,1.8553362864527088,-2.0072431724071493
259,1.1,-0.9,0,0,-1.1,0.9,1.4212670403551897,1.3854793429626444,-2.0251439092159265
260,1.1,-0.9,0,0,-1.1,0.9,1.4212670403551897,2.187969697475433,-2.044119855642318
261,0.9,-0.9,0,0,-0.9,0.9,1.2727922061357855,1.2627039352488372,-2.060729462862014
262,0.7,-0.9,0,0,-0.7,0.9,1.140175425099138,1.3934685513037346,-2.083067867279052
263,0.5,-0.9,0,0,-0.5,0.9,1.0295630140987,1.1454084449667379,-2.1009415974616994
264,0.3,-0.8,0,0,-0.3,0.8,0.8544003745317532,1.0867896089554723,-1.694948187232062
265,-0.1,-0.7,0,0,0.1,0.7,0.7071067811865475,0.00466487730345766,-1.624131563337647
266,-0.5,-0.5,0,0,0.5,0.5,0.7071067811865476,-0.14899443677898017,-1.1573226553011149
267,-0.9,-0.3,0,0,0.9,0.3,0.9486832980505138,-0.3655596748671637,-1.0640024942715112
268,-1.4,0.0,0,0,1.4,0.0,1.4,-0.6459433390088205,-0.7614630846627155
269,-1.9,0.3,0,0,1.9,-0.3,1.9235384061671343,-1.41061471678027,-0.31879556855435043
270,-2.3,0.5,0,0,2.3,-0.5,2.3537204591879637,-1.2306196062311656,-0.6232100598938694
271,-2.9,0.8,0,0,2.9,-0.8,3.0083217912982647,-2.304914529905907,-0.09921506888360176
272,-3.5,1.0,0,0,3.5,-1.0,3.640054944640259,-2.6508075556242723,-0.3703452161323937
273,-4.2,1.3,0,0,4.2,-1.3,4.396589587396122,-3.5781654841708868,0.2330647495392275
274,-4.8,1.5,0,0,4.8,-1.5,5.028916384272063,-3.1712703144444347,-0.16724340542510707
275,-5.4,1.7,0,0,5.4,-1.7,5.661271941887265,-3.983257006222978,0.10141690542134074
276,-5.9,1.7,0,0,5.9,-1.7,6.1400325732035,-4.012863495877814,-0.6396037442684168
277,-6.2,1.9,0,0,6.2,-1.9,6.48459713474939,-3.456839175158513,0.26580956168557046
278,-6.3,2.0,0,0,6.3,-2.0,6.609841147864296,-2.8764224971487202,-0.0173557924077814
279,-6.4,2.0,0,0,6.4,-2.0,6.705221845696085,-3.0519269791827695,-0.36849113702773995
280,-6.3,2.0,0,0,6.3,-2.0,6.609841147864296,-2.460280950609351,-0.31854085206985405
281,-6.1,2.0,0,0,6.1,-2.0,6.4195015382816125,-1.9883193802370491,-0.2797256636619563
282,-5.8,1.9,0,0,5.8,-1.9,6.103277807866851,-1.573025848677114,-0.6850348610711248
283,-5.4,1.8,0,0,5.4,-1.8,5.692099788303083,-1.1286617042154774,-0.6890117363549593
284,-5.1,1.6,0,0,5.1,-1.6,5.345091205957107,-1.4112001439040487,-1.1715477795795852
285,-4.5,1.6,0,0,4.5,-1.6,4.775981574503821,-0.04534457536131864,-0.34650753140449475
286,-4.1,1.5,0,0,4.1,-1.5,4.365775990588615,-1.0496895700612954,-0.668277309270717
287,-3.6,1.3,0,0,3.6,-1.3,3.8275318418009276,-0.1458259562734614,-1.2176733896063234
288,-3.1,1.1,0,0,3.1,-1.1,3.2893768406797057,0.08783993115281685,-1.3138617434591278
289,-2.8,0.9,0,0,2.8,-0.9,2.9410882339705484,-0.6100236444400442,-1.3988745004384586
290,-2.6,0.7,0,0,2.6,-0.7,2.6925824035672523,-0.9998432842307392,-1.4467657426781373
291,-2.4,0.5,0,0,2.4,-0.5,2.4515301344262523,-0.9264800890867091,-1.558024001460852
292,-2.3,0.3,0,0,2.3,-0.3,2.3194827009486403,-1.3939093273643355,-1.5060187209121985
293,-2.2,0.2,0,0,2.2,-0.2,2.209072203437452,-1.309002018067786,-1.3151491424108082
294,-2.1,0.1,0,0,2.1,-0.1,2.1023796041628637,-1.305183118164321,-1.358976134240846
295,-2.1,0.1,0,0,2.1,-0.1,2.1023796041628637,-1.7351707561016094,-0.969527555942535
296,-2.0,0.0,0,0,2.0,0.0,2.0,-1.3288324687423507,-1.4151444459018907
297,-1.9,0.1,0,0,1.9,-0.1,1.9026297590440446,-1.3125417857964117,-0.5705770047504972
298,-1.8,0.1,0,0,1.8,-0.1,1.8027756377319946,-1.3887796652036632,-0.9651085431575773
299,-1.7,0.2,0,0,1.7,-0.2,1.7117242768623688,-1.289805042617452,-0.5147342368294112
300,-1.6,0.2,0,0,1.6,-0.2,1.61245154965971,-1.2806459616282146,-0.9061709454059598
301,-1.5,0.2,0,0,1.5,-0.2,1.5132745950421556,-1.2510445215421515,-0.902235679388046
302,-1.3,0.3,0,0,1.3,-0.3,1.3341664064126335,-0.7969733582751378,-0.4591902427085445
303,-1.0,0.3,0,0,1.0,-0.3,1.044030650891055,-0.28108602534585536,-0.8391740722656247
304,-0.9,0.3,0,0,0.9,-0.3,0.9486832980505138,-1.0897038248905426,-0.8318493342399593
305,-0.6,0.4,0,0,0.6,-0.4,0.7211102550927979,-0.10482559445476025,-0.38573844219239317
306,-0.3,0.4,0,0,0.3,-0.4,0.5,0.055196345626484566,-0.7649213080406188
307,0.0,0.4,0,0,0.0,-0.4,0.4,0.2191375860405298,-0.7570746045112609
308,0.3,0.5,0,0,-0.3,-0.5,0.58309518948453,0.3474232217074962,-0.3111866145530825
309,0.5,0.5,0,0,-0.5,-0.5,0.7071067811865476,0.09176686037309523,-0.6861567742824553
310,0.9,0.6,0,0,-0.9,-0.6,1.0816653826391966,0.7796138450830781,-0.30814587844089625
311,1.1,0.5,0,0,-1.1,-0.5,1.2083045973594573,0.42399797575203746,-1.045501769505581
312,1.5,0.6,0,0,-1.5,-0.6,1.6155494421403511,1.4346940286709278,-0.2118248544793967
313,1.8,0.6,0,0,-1.8,-0.6,1.8973665961010275,1.2948340048793754,-0.5866860222816466
314,2.3,0.6,0,0,-2.3,-0.6,2.3769728648009423,2.318708742911486,-0.5747076301574705
315,2.7,0.5,0,0,-2.7,-0.5,2.7459060435491964,2.144105526705202,-0.9921325740266875
316,3.2,0.5,0,0,-3.2,-0.5,3.23882694814033,2.5765475533408586,-0.60336559677124
317,3.7,0.3,0,0,-3.7,-0.3,3.7121422386541174,3.2494482048620568,-1.4800349331327196
318,4.3,0.2,0,0,-4.3,-0.2,4.304648650006176,4.077621484111989,-1.1448644625066462
319,4.9,0.0,0,0,-4.9,0.0,4.9,4.38306354400299,-1.6118596197657515
320,5.5,-0.1,0,0,-5.5,0.1,5.500909015790027,4.8494754110562885,-1.2917036750115967
321,6.0,-0.2,0,0,-6.0,0.2,6.003332407921453,4.860278604996982,-1.3523291173483498
322,6.2,-0.2,0,0,-6.2,0.2,6.203224967708329,3.755770664150325,-0.9614401116371154
323,6.6,-0.3,0,0,-6.6,0.3,6.606814663663572,5.03124398086825,-1.4077850902635833
324,6.4,-0.3,0,0,-6.4,0.3,6.4070273918565395,2.705672972628447,-1.0242867522239685
325,6.4,-0.3,0,0,-6.4,0.3,6.4070273918565395,3.6240294201374046,-1.0302369017601012
326,6.1,-0.3,0,0,-6.1,0.3,6.107372593840988,2.4259469687618846,-1.0362155656814576
327,5.8,-0.2,0,0,-5.8,0.2,5.803447251418763,2.37078503493935,-0.5948742046504227
328,5.2,-0.1,0,0,-5.2,0.1,5.200961449578338,1.5146318069798483,-0.630180235685619
329,4.7,0.0,0,0,-4.7,0.0,4.7,1.3055149072130663,-0.5072149488155077
330,4.1,0.2,0,0,-4.1,-0.2,4.104875150354758,0.5793969581113534,0.01998811372166498
331,3.5,0.3,0,0,-3.5,-0.3,3.5128336140500593,0.40047780547349054,-0.33462575870389477
332,3.0,0.4,0,0,-3.0,-0.4,3.026549190084311,0.6190976050627193,-0.27992590867543155
333,2.7,0.4,0,0,-2.7,-0.4,2.7294688127912363,1.294837743010891,-0.6598840467929838
334,2.3,0.6,0,0,-2.3,-0.6,2.3769728648009423,1.0723905844477366,0.07749237943750742
335,2.1,0.6,0,0,-2.1,-0.6,2.1840329667841556,1.4685753852008379,-0.5310326311588287
336,1.8,0.7,0,0,-1.8,-0.7,1.9313207915827966,0.9208220606310895,-0.06217126116698801
337,1.7,0.8,0,0,-1.7,-0.8,1.8788294228055935,1.726249450703015,-0.009104898233762482
338,1.6,0.8,0,0,-1.6,-0.8,1.788854381999832,1.714843897682744,-0.3835765695571899
339,1.5,0.9,0,0,-1.5,-0.9,1.7492855684535902,1.6890706763228764,0.0735119216480849
340,1.5,1.0,0,0,-1.5,-1.0,1.8027756377319946,2.114880102157592,0.06994133236326294
341,1.4,1.0,0,0,-1.4,-1.0,1.7204650534085253,1.6963225488113738,-0.2188579301834106
342,1.4,1.1,0,0,-1.4,-1.1,1.7804493814764855,2.1190137672424307,0.24604444308530687
343,1.2,1.1,0,0,-1.2,-1.1,1.6278820596099708,1.2382364776961428,-0.12485943460464477
344,1.3,1.2,0,0,-1.3,-1.2,1.7691806012954132,2.4980725343630468,0.33096900920130357
345,1.2,1.3,0,0,-1.2,-1.3,1.7691806012954132,1.692053326290597,0.4249100170912837
346,1.1,1.3,0,0,-1.1,-1.3,1.7029386365926402,1.7577470145817766,0.059518203020095806
347,1.0,1.3,0,0,-1.0,-1.3,1.6401219466856727,1.6518026568738002,0.08575281214714048
348,0.9,1.3,0,0,-0.9,-1.3,1.5811388300841898,1.6125100141824584,0.11157272839546195
349,0.6,1.3,0,0,-0.6,-1.3,1.4317821063276355,0.6638790960882295,0.13681316995620718
350,0.5,1.3,0,0,-0.5,-1.3,1.392838827718412,1.4254917985859465,0.16233964967727654
351,0.3,1.2,0,0,-0.3,-1.2,1.2369316876852983,0.9600830352154962,-0.2464115398005846
352,0.1,1.2,0,0,-0.1,-1.2,1.2041594578792296,0.9917104483832008,0.16506314611434925
353,-0.5,1.1,0,0,0.5,-1.1,1.2083045973594573,-1.0634931175097857,-0.2597775531905392
354,-0.8,1.0,0,0,0.8,-1.0,1.2806248474865698,-0.007063810311921159,-0.2773544321732944
355,-1.1,0.9,0,0,1.1,-0.9,1.4212670403551897,-0.16188883513069963,-0.30280514905802625
356,-1.4,0.8,0,0,1.4,-0.8,1.6124515496597098,-0.43801431511407807,-0.37075430591426184
357,-1.8,0.7,0,0,1.8,-0.7,1.9313207915827966,-1.038368929639598,-0.39646562052149087
358,-2.1,0.5,0,0,2.1,-0.5,2.1587033144922905,-0.5874307358390716,-0.7079624330286591
359,-2.6,0.4,0,0,2.6,-0.4,2.6305892875931813,-1.8777636591106976,-0.5148222949248614
360,-2.8,0.3,0,0,2.8,-0.3,2.8160255680657444,-0.9151446285306353,-0.5729823086291026
361,-3.3,0.1,0,0,3.3,-0.1,3.3015148038438356,-2.4239349971078927,-1.0697079163179035
362,-3.6,-0.1,0,0,3.6,0.1,3.6013886210738213,-1.829528011131105,-1.1550601595559482
363,-4.0,-0.3,0,0,4.0,0.3,4.011234224026316,-2.542824634126924,-1.2853393483420716
364,-4.3,-0.6,0,0,4.3,0.6,4.341658669218481,-2.1384183667363086,-1.583365123099223
365,-4.7,-0.8,0,0,4.7,0.8,4.767598976424087,-3.0954459287034335,-1.5689191340857167
366,-5.0,-1.1,0,0,5.0,1.1,5.119570294468081,-2.886307282956639,-2.0721389563403516
367,-5.2,-1.4,0,0,5.2,1.4,5.385164807134505,-2.7951764337444223,-2.3763288835620715
368,-5.4,-1.8,0,0,5.4,1.8,5.692099788303083,-2.951111714385682,-2.9238251882051065
369,-5.5,-2.0,0,0,5.5,2.0,5.852349955359813,-2.717836786769037,-2.2738630910360897
370,-5.6,-2.1,0,0,5.6,2.1,5.980802621722272,-2.8421694437808354,-1.9322012700385414
371,-5.5,-2.2,0,0,5.5,2.2,5.923681287847955,-2.1899776773785407,-2.103195543255923
372,-5.5,-2.3,0,0,5.5,2.3,5.961543424315552,-2.695330843687059,-2.187801387163184
373,-5.3,-2.3,0,0,5.3,2.3,5.7775427302617155,-1.9201550944764354,-1.8537906441688536
374,-5.3,-2.3,0,0,5.3,2.3,5.7775427302617155,-2.8025364904403696,-1.8987951245307921
375,-4.9,-2.3,0,0,4.9,2.3,5.412947441089743,-1.1614975714165867,-1.9452163219451903
376,-4.8,-2.1,0,0,4.8,2.1,5.239274758971894,-2.449198060402916,-1.2643619327736837
377,-4.3,-2.0,0,0,4.3,2.0,4.742362280551751,-0.626933968375075,-1.4897982494493216
378,-4.2,-1.7,0,0,4.2,1.7,4.531004303683677,-2.238224897299562,-0.5981463618110154
379,-3.7,-1.6,0,0,3.7,1.6,4.031128874149275,-0.4960339776975311,-1.3550617278953871
380,-3.5,-1.2,0,0,3.5,1.2,3.6999999999999997,-1.6032635367255832,0.05075390499007337
381,-3.2,-1.0,0,0,3.2,1.0,3.3526109228480423,-1.1753981284751998,-0.7175207302341521
382,-2.9,-0.7,0,0,2.9,0.7,2.9832867780352594,-1.3002993647379606,-0.40569245903918416
383,-2.5,-0.5,0,0,2.5,0.5,2.5495097567963922,-0.5681517326074816,-0.49474970193892576
384,-2.2,-0.2,0,0,2.2,0.2,2.209072203437452,-0.789815593514553,0.08271037861336317
385,-1.9,0.0,0,0,1.9,0.0,1.9,-0.6590069321661602,-0.2017238969186551
386,-1.6,0.1,0,0,1.6,-0.1,1.6031219541881399,-0.5987825889464911,-0.5697294234393926
387,-1.2,0.4,0,0,1.2,-0.4,1.2649110640673518,-0.02036836484095894,0.36634562996759
388,-0.9,0.6,0,0,0.9,-0.6,1.0816653826391966,-0.4605471602113086,-0.026768945894706797
389,-0.5,0.8,0,0,0.5,-0.8,0.9433981132056605,0.3352986110503646,0.23026341873681488
390,0.0,1.0,0,0,0.0,-1.0,1.0,0.9228486040488176,0.3285022875172019
391,0.4,1.2,0,0,-0.4,-1.2,1.2649110640673518,0.7877753358480848,0.471266783386346
392,0.9,1.3,0,0,-0.9,-1.3,1.5811388300841898,1.4664771525945364,0.16206244630984717
393,1.3,1.5,0,0,-1.3,-1.5,1.9849433241279208,1.3285579396437996,0.6984531126594246
394,1.9,1.8,0,0,-1.9,-1.8,2.6172504656604803,1.919531410506909,1.015510289456222
395,2.3,1.9,0,0,-2.3,-1.9,2.9832867780352594,1.9168636053139418,0.5827382947935275
396,2.7,2.1,0,0,-2.7,-2.1,3.420526275297414,2.1705615840599406,1.1194761796318233
397,3.1,2.4,0,0,-3.1,-2.4,3.920459156782532,2.4264703882703795,1.7071959875948441
398,3.5,2.6,0,0,-3.5,-2.6,4.360045871318328,2.640187516155403,1.43959845516213
399,3.8,2.8,0,0,-3.8,-2.8,4.720169488482378,2.5952897742514507,1.6655960890932016
400,4.1,3.0,0,0,-4.1,-3.0,5.080354318352215,2.5385254940891038,1.6344698983764516
401,4.3,3.2,0,0,-4.3,-3.2,5.360037313302959,2.577901742929484,1.959521176809338
402,4.4,3.3,0,0,-4.4,-3.3,5.5,2.3310192172666415,1.6907120053907234
403,4.2,3.4,0,0,-4.2,-3.4,5.403702434442518,1.1235975925476827,1.8180330578311537
404,4.2,3.5,0,0,-4.2,-3.5,5.4671747731346585,2.0053221259117118,1.92919364715102
405,4.0,3.4,0,0,-4.0,-3.4,5.2497618993626745,1.2121572642829594,1.171100141550431
406,3.7,3.3,0,0,-3.7,-3.3,4.957822102496216,0.9757040517652653,1.2716669619190895
407,3.4,3.1,0,0,-3.4,-3.1,4.601086828130937,0.6641628442691032,0.7651984241595734
408,3.1,2.9,0,0,-3.1,-2.9,4.244997055358225,0.6150715239602742,0.7495912107996416
409,2.8,2.6,0,0,-2.8,-2.6,3.82099463490856,0.47502742971122425,0.22835516561210611
410,2.4,2.3,0,0,-2.4,-2.3,3.324154027718932,-0.15198680424360966,0.06107690763720419
411,2.1,2.1,0,0,-2.1,-2.1,2.9698484809834995,0.20241025028842086,0.44804836836270234
412,1.9,1.7,0,0,-1.9,-1.7,2.5495097567963922,0.7140788467856121,-0.1506687400873723
413,1.7,1.4,0,0,-1.7,-1.4,2.202271554554524,0.4588145389752212,-0.25036081585338243
414,1.6,1.1,0,0,-1.6,-1.1,1.94164878389476,0.8595395798358104,-0.3200879896662261
415,1.5,0.8,0,0,-1.5,-0.8,1.7,0.8216206816042448,-0.5064718139156701
416,1.4,0.5,0,0,-1.4,-0.5,1.4866068747318506,0.7998862083703708,-0.6446105594782681
417,1.5,0.2,0,0,-1.5,-0.2,1.5132745950421556,1.668514824999819,-0.7993525270624479
418,1.5,0.0,0,0,-1.5,0.0,1.5,1.3105603075027452,-0.3430618052075282
419,1.5,-0.2,0,0,-1.5,0.2,1.5132745950421556,1.3410662651061998,-0.5844310231988928
420,1.5,-0.4,0,0,-1.5,0.4,1.5524174696260025,1.3703019356727588,-0.727342380607527
421,1.6,-0.7,0,0,-1.6,0.7,1.746424919657298,1.834253651202691,-1.2403947021394175
422,1.6,-0.9,0,0,-1.6,0.9,1.8357559750685821,1.4854968781471238,-1.0040893651573213
423,1.5,-1.1,0,0,-1.5,1.1,1.8601075237738274,1.070300859655825,-1.1302116566382066
424,1.5,-1.2,0,0,-1.5,1.2,1.9209372712298547,1.5017025790214524,-0.7324324755269962
425,1.3,-1.4,0,0,-1.3,1.4,1.91049731745428,0.626805939968833,-1.3512424890434642
426,1.1,-1.6,0,0,-1.1,1.6,1.94164878389476,0.5813274995327031,-1.451502739763256
427,0.9,-1.8,0,0,-0.9,1.8,2.012461179749811,0.47657506867582067,-1.6096029689676103
428,0.7,-2.1,0,0,-0.7,2.1,2.2135943621178655,0.39751803526662255,-2.183383454302213
429,0.5,-2.2,0,0,-0.5,2.2,2.2561028345356955,0.28557610073509176,-1.5115867556789402
430,0.1,-2.5,0,0,-0.1,2.5,2.5019992006393608,-0.34674587120301215,-2.249737666291643
431,-0.3,-2.8,0,0,0.3,2.8,2.8160255680657444,-0.9432980169448675,-2.7466450173849903
432,-0.7,-3.1,0,0,0.7,3.1,3.178049716414141,-1.1161158448765822,-2.9271729221873097
433,-1.1,-3.3,0,0,1.1,3.3,3.478505426185217,-1.319599171050261,-2.6921281829515427
434,-1.6,-3.7,0,0,1.6,3.7,4.031128874149275,-2.0638667031543627,-3.7979180561079326
435,-1.9,-4.0,0,0,1.9,4.0,4.428317965096905,-1.411198550364579,-3.5880598165007473
436,-2.4,-4.4,0,0,2.4,4.4,5.011985634456668,-2.1259866594835874,-3.989532738364916
437,-2.8,-4.8,0,0,2.8,4.8,5.556977595779922,-2.344427163367228,-4.560833206419898
438,-3.1,-5.1,0,0,3.1,5.1,5.968249324550709,-2.2283229219905865,-4.483890051125714
439,-3.4,-5.4,0,0,3.4,5.4,6.381222453417527,-2.463606730931237,-4.757794074528651
440,-3.6,-5.5,0,0,3.6,5.5,6.573431371817918,-2.2208717792817607,-4.10714021567447
441,-3.6,-5.7,0,0,3.6,5.7,6.74166151627327,-1.5063221251964585,-4.686233785751669
442,-3.6,-5.7,0,0,3.6,5.7,6.74166151627327,-1.5952697122097033,-4.072848171234131
443,-3.6,-5.7,0,0,3.6,5.7,6.74166151627327,-1.664871774435045,-4.183051436424256
444,-3.4,-5.6,0,0,3.4,5.6,6.55133574166368,-0.8704701806059607,-3.865223202394996
445,-3.2,-5.4,0,0,3.2,5.4,6.276941930590087,-0.8095968818208042,-3.467059223844654
446,-3.0,-5.3,0,0,3.0,5.3,6.090155991434045,-0.7522166203289934,-3.9041079579010436
447,-2.8,-4.9,0,0,2.8,4.9,5.643580423808985,-0.7297432384108381,-2.6489713803956665
448,-2.5,-4.6,0,0,2.5,4.6,5.235456045083369,-0.47773249016831665,-3.223164877043464
449,-2.2,-4.2,0,0,2.2,4.2,4.741307836451879,-0.13039861016084253,-2.4734376021836786
450,-2.0,-3.9,0,0,2.0,3.9,4.382921400162226,-0.454640353066739,-2.782025930558167
451,-1.7,-3.5,0,0,1.7,3.5,3.891015291668744,0.024555010966081703,-2.2991469176721306
452,-1.4,-3.2,0,0,1.4,3.2,3.492849839314596,0.16802939306600506,-2.5738971454014017
453,-1.2,-2.8,0,0,1.2,2.8,3.046309242345563,-0.12473371443292869,-2.001888457718315
454,-0.9,-2.5,0,0,0.9,2.5,2.6570660511172846,0.15682212998067413,-2.5537155458768686
455,-0.8,-2.1,0,0,0.8,2.1,2.247220505424423,-0.3686218378473644,-1.7991799213605357
456,-0.5,-1.8,0,0,0.5,1.8,1.8681541692269406,0.5778160863717203,-2.0313815032641274
457,-0.3,-1.3,0,0,0.3,1.3,1.3341664064126335,0.23902128461903893,-1.108255506776106
458,-0.1,-0.8,0,0,0.1,0.8,0.806225774829855,0.3753532889660892,-0.7782262173154169
459,0.1,-0.4,0,0,-0.1,0.4,0.4123105625617661,0.502088356043132,-0.9308570780252745
460,0.1,0.1,0,0,-0.1,-0.1,0.14142135623730953,-0.307552658796312,-0.7380225655029939
461,0.3,0.7,0,0,-0.3,-0.7,0.7615773105863908,0.5629173666725451,0.3097200954228374
462,0.3,1.2,0,0,-0.3,-1.2,1.2369316876852983,-0.19347544193267976,0.24620791825696386
463,0.3,1.8,0,0,-0.3,-1.8,1.8248287590894658,-0.1875220773220078,0.9864524519483693
464,0.5,2.5,0,0,-0.5,-2.5,2.5495097567963922,0.7106180063157195,1.801514713351057
465,0.6,3.1,0,0,-0.6,-3.1,3.157530680769389,0.38032116211531664,1.7755865693735056
466,0.7,3.9,0,0,-0.7,-3.9,3.96232255123179,0.3658514671344337,2.4036755333096136
467,0.9,4.7,0,0,-0.9,-4.7,4.78539444560216,0.9617159541072862,3.5680120896587506
468,1.0,5.3,0,0,-1.0,-5.3,5.3935146240647205,0.639278079766527,3.1922366675048854
469,1.2,5.9,0,0,-1.2,-5.9,6.020797289396148,1.141681968567441,3.566255736701706
470,1.2,6.3,0,0,-1.2,-6.3,6.413267497929585,0.3957305388450607,3.171280130730942
471,1.4,6.6,0,0,-1.4,-6.6,6.7468511173731995,1.3082795418014306,3.04309554837796
472,1.3,6.7,0,0,-1.3,-6.7,6.8249542123006215,0.19518620854497815,2.398090841234915
473,1.4,6.4,0,0,-1.4,-6.4,6.551335741663681,0.9674202128808704,0.9201039684531018
474,1.2,6.1,0,0,-1.2,-6.1,6.216912416947821,-0.28501210196521687,0.840804214481907
475,0.9,4.8,0,0,-0.9,-4.8,4.8836461788299115,-0.8121508493424623,-3.6718504685565834
476,0.9,3.9,0,0,-0.9,-3.9,4.0024992192379,0.39011623716354216,-2.4598731087468155
477,0.6,3.2,0,0,-0.6,-3.2,3.2557641192199416,-0.8943837844123473,-1.8405673836612844
478,0.5,2.6,0,0,-0.5,-2.6,2.6476404589747453,-0.11851331172973756,-1.428377688323897
479,0.3,2.1,0,0,-0.3,-2.1,2.1213203435596424,-0.6485348591908915,-1.5758322886489542
480,0.3,1.7,0,0,-0.3,-1.7,1.7262676501632068,0.1204228100776657,-1.3326659749442595
481,0.2,1.5,0,0,-0.2,-1.5,1.5132745950421556,-0.31116223240775087,-0.6787432329829941
482,0.2,1.4,0,0,-0.2,-1.4,1.414213562373095,0.07727309083938447,-0.339500919272219
483,0.2,1.3,0,0,-0.2,-1.3,1.3152946437965907,0.08108411455154267,-0.3563724778635039
484,0.2,1.3,0,0,-0.2,-1.3,1.3152946437965907,0.0860714268684372,0.07302541851997413
485,0.3,1.4,0,0,-0.3,-1.4,1.4317821063276353,0.5412532654689954,0.5496082936214627
486,0.3,1.5,0,0,-0.3,-1.5,1.5297058540778354,0.14879449772834624,0.6266718322778984
487,0.3,1.6,0,0,-0.3,-1.6,1.6278820596099708,0.15476792883872834,0.7037770628452152
488,0.4,1.7,0,0,-0.4,-1.7,1.746424919657298,0.5822929907945168,0.7694486035016561
489,0.5,1.7,0,0,-0.5,-1.7,1.772004514666935,0.6898802139186058,0.4330644419193271
490,0.6,1.8,0,0,-0.6,-1.8,1.8973665961010275,0.6537583979273198,0.8419784399176022
491,0.7,2.0,0,0,-0.7,-2.0,2.118962010041709,0.792391649375651,1.4446624307837
492,0.7,2.1,0,0,-0.7,-2.1,2.2135943621178655,0.4195907015800461,1.1458516809107409
493,0.7,2.2,0,0,-0.7,-2.2,2.3086792761230392,0.4334342877864822,1.2506646112431874
494,0.7,2.3,0,0,-0.7,-2.3,2.4041630560342613,0.44708163619041286,1.352140789941635
495,0.7,2.3,0,0,-0.7,-2.3,2.4041630560342613,0.4609631972312912,1.0002385165691376
496,0.7,2.3,0,0,-0.7,-2.3,2.4041630560342613,0.4786276519298538,1.0582788677215578
497,0.6,2.3,0,0,-0.6,-2.3,2.3769728648009423,0.04867190753426254,1.1038842713832857
498,0.5,2.3,0,0,-0.5,-2.3,2.3537204591879637,0.005301353938967135,1.1492311165332796
499,0.5,2.3,0,0,-0.5,-2.3,2.3537204591879637,0.4083708145618423,1.1951763350963593
500,0.4,2.3,0,0,-0.4,-2.3,2.33452350598575,-0.025229796376899538,1.2408184571266174
501,0.5,2.3,0,0,-0.5,-2.3,2.3537204591879637,0.8228977295941511,1.2857376012802124
502,0.5,2.3,0,0,-0.5,-2.3,2.3537204591879637,0.43840589308738553,1.3424661207199098
503,0.7,2.3,0,0,-0.7,-2.3,2.4041630560342613,1.333435711916235,1.3882238376140597
504,0.7,2.5,0,0,-0.7,-2.5,2.596150997149434,0.5683037378787978,2.31669862511839
505,2.7,2.8,0,0,-2.7,-2.8,3.8897300677553446,9.378854004046826,2.9096887476059057
506,10.7,6.0,0,0,-10.7,-6.0,12.267436570041843,37.494810646183836,16.123972562173034
507,0,0,0,0,0,0,0.0,-0.0,-0.0
508,0,0,0,0,0,0,0.0,-0.0,-0.0
509,0,0,0,0,0,0,0.0,-0.0,-0.0
510,0,0,0,0,0,0,0.0,-0.0,-0.0
511,0,0,0,0,0,0,0.0,-0.0,-0.0
512,0,0,0,0,0,0,0.0,-0.0,-0.0
513,0,0,0,0,0,0,0.0,-0.0,-0.0
514,0,0,0,0,0,0,0.0,-0.0,-0.0
515,0,0,0,0,0,0,0.0,-0.0,-0.0
516,0,0,0,0,0,0,0.0,-0.0,-0.0
517,0,0,0,0,0,0,0.0,-0.0,-0.0
518,0,0,0,0,0,0,0.0,-0.0,-0.0
519,0,0,0,0,0,0,0.0,-0.0,-0.0
520,0,0,0,0,0,0,0.0,-0.0,-0.0
521,0,0,0,0,0,0,0.0,-0.0,-0.0
522,0,0,0,0,0,0,0.0,-0.0,-0.0
523,0,0,0,0,0,0,0.0,-0.0,-0.0
524,0,0,0,0,0,0,0.0,-0.0,-0.0
525,0,0,0,0,0,0,0.0,-0.0,-0.0
526,0,0,0,0,0,0,0.0,-0.0,-0.0
527,0,0,0,0,0,0,0.0,-0.0,-0.0
528,0,0,0,0,0,0,0.0,-0.0,-0.0
529,0,0,0,0,0,0,0.0,-0.0,-0.0
530,0,0,0,0,0,0,0.0,-0.0,-0.0
531,0,0,0,0,0,0,0.0,-0.0,-0.0
532,0,0,0,0,0,0,0.0,-0.0,-0.0
533,0,0,0,0,0,0,0.0,-0.0,-0.0
534,0,0,0,0,0,0,0.0,-0.0,-0.0
535,0,0,0,0,0,0,0.0,-0.0,-0.0
536,0,0,0,0,0,0,0.0,-0.0,-0.0
537,0,0,0,0,0,0,0.0,-0.0,-0.0
538,0,0,0,0,0,0,0.0,-0.0,-0.0
539,0,0,0,0,0,0,0.0,-0.0,-0.0
540,0,0,0,0,0,0,0.0,-0.0,-0.0
541,0,0,0,0,0,0,0.0,-0.0,-0.0
542,0,0,0,0,0,0,0.0,-0.0,-0.0
543,0,0,0,0,0,0,0.0,-0.0,-0.0
544,0,0,0,0,0,0,0.0,-0.0,-0.0
545,0,0,0,0,0,0,0.0,-0.0,-0.0
546,0,0,0,0,0,0,0.0,-0.0,-0.0
547,0,0,0,0,0,0,0.0,-0.0,-0.0
548,0,0,0,0,0,0,0.0,-0.0,-0.0
549,0,0,0,0,0,0,0.0,-0.0,-0.0
550,0,0,0,0,0,0,0.0,-0.0,-0.0
551,0,0,0,0,0,0,0.0,-0.0,-0.0
552,0,0,0,0,0,0,0.0,-0.0,-0.0
553,0,0,0,0,0,0,0.0,-0.0,-0.0
554,0,0,0,0,0,0,0.0,-0.0,-0.0
555,0,0,0,0,0,0,0.0,-0.0,-0.0
556,0,0,0,0,0,0,0.0,-0.0,-0.0
557,0,0,0,0,0,0,0.0,-0.0,-0.0
558,0,0,0,0,0,0,0.0,-0.0,-0.0
559,0,0,0,0,0,0,0.0,-0.0,-0.0
560,0,0,0,0,0,0,0.0,-0.0,-0.0
561,0,0,0,0,0,0,0.0,-0.0,-0.0
562,0,0,0,0,0,0,0.0,-0.0,-0.0
